sku,commercial_name,active_ingredient,concentration,dosage_form,presentation,laboratory,laboratory_country,category,price,stock,requires_prescription,indications,contraindications
AP-001,Dolex,Acetaminofén,500 mg,Tableta recubierta,Caja x 24 tabletas,Haleon (GSK),Reino Unido,Analgésicos y antipiréticos,12900,180,false,Alivio del dolor leve a moderado y reducción de la fiebre.,Hipersensibilidad al acetaminofén; insuficiencia hepática grave.
AP-002,Acetaminofén MK,Acetaminofén,500 mg,Tableta,Caja x 100 tabletas,Tecnoquímicas,Colombia,Analgésicos y antipiréticos,9800,250,false,Dolor leve a moderado (cefalea; dolor dental; dolor muscular) y fiebre.,Hipersensibilidad al principio activo; enfermedad hepática activa.
AP-003,Advil Max,Ibuprofeno,400 mg,Cápsula blanda,Caja x 10 cápsulas líquidas,Haleon (Pfizer),Estados Unidos,Antiinflamatorios no esteroideos,15500,140,false,Dolor de cabeza; dolor menstrual; dolor muscular y fiebre.,Úlcera péptica activa; tercer trimestre de embarazo; alergia a AINE.
AP-004,Ibuprofeno Genfar,Ibuprofeno,800 mg,Tableta recubierta,Caja x 30 tabletas,Genfar,Colombia,Antiinflamatorios no esteroideos,11200,95,true,Artritis reumatoide; osteoartritis y dolor inflamatorio moderado a severo.,Úlcera gastroduodenal; insuficiencia renal grave; alergia a AINE.
AP-005,Naproxeno Sódico MK,Naproxeno sódico,550 mg,Tableta recubierta,Caja x 10 tabletas,Tecnoquímicas,Colombia,Antiinflamatorios no esteroideos,8700,120,true,Dolor agudo; dismenorrea; procesos inflamatorios musculoesqueléticos.,Sangrado gastrointestinal; insuficiencia cardiaca grave; embarazo.
AP-006,Aspirina Protect,Ácido acetilsalicílico,100 mg,Tableta con recubrimiento entérico,Caja x 28 tabletas,Bayer,Alemania,Cardiovascular - antiagregantes,9900,210,false,Prevención secundaria de infarto de miocardio y accidente cerebrovascular.,Hemofilia; úlcera activa; menores de 16 años con cuadros virales.
AP-007,Diclofenaco Genfar,Diclofenaco sódico,50 mg,Tableta recubierta,Caja x 30 tabletas,Genfar,Colombia,Antiinflamatorios no esteroideos,6500,160,true,Dolor e inflamación en enfermedades reumáticas y lesiones musculares.,Úlcera péptica; insuficiencia cardiaca; enfermedad renal grave.
AP-008,Buscapina,Butilbromuro de hioscina,10 mg,Gragea,Caja x 20 grageas,Sanofi,Francia,Gastrointestinales,18900,130,false,Dolor abdominal tipo cólico y espasmos gastrointestinales.,Glaucoma de ángulo cerrado; miastenia gravis; megacolon.
AP-009,Amoxicilina Genfar,Amoxicilina,500 mg,Cápsula,Caja x 50 cápsulas,Genfar,Colombia,Antibióticos,21500,110,true,Infecciones respiratorias; otitis; infecciones urinarias por gérmenes sensibles.,Alergia a penicilinas o cefalosporinas.
AP-010,Azitromicina MK,Azitromicina,500 mg,Tableta recubierta,Caja x 3 tabletas,Tecnoquímicas,Colombia,Antibióticos,16800,85,true,Infecciones respiratorias altas y bajas; infecciones de piel y tejidos blandos.,Hipersensibilidad a macrólidos; disfunción hepática con uso previo.
AP-011,Cefalexina Genfar,Cefalexina,500 mg,Cápsula,Caja x 20 cápsulas,Genfar,Colombia,Antibióticos,17500,70,true,Infecciones de piel; vías urinarias y tracto respiratorio.,Alergia a cefalosporinas.
AP-012,Ciprofloxacino Genfar,Ciprofloxacino,500 mg,Tableta recubierta,Caja x 10 tabletas,Genfar,Colombia,Antibióticos,9800,90,true,Infecciones urinarias complicadas; gastroenteritis bacteriana.,Uso concomitante con tizanidina; menores de 18 años; tendinopatías previas.
AP-013,Clindamicina Procaps,Clindamicina,300 mg,Cápsula,Caja x 16 cápsulas,Procaps,Colombia,Antibióticos,32500,40,true,Infecciones graves por anaerobios; infecciones de piel y hueso.,Antecedente de colitis pseudomembranosa; hipersensibilidad a lincosamidas.
AP-014,Losartán Genfar,Losartán potásico,50 mg,Tableta recubierta,Caja x 30 tabletas,Genfar,Colombia,Antihipertensivos,8900,300,true,Hipertensión arterial; nefropatía diabética en pacientes hipertensos.,Embarazo; uso con aliskireno en diabéticos.
AP-015,Enalapril MK,Enalapril maleato,20 mg,Tableta,Caja x 30 tabletas,Tecnoquímicas,Colombia,Antihipertensivos,7200,220,true,Hipertensión arterial e insuficiencia cardiaca.,Angioedema previo; embarazo; estenosis bilateral de arteria renal.
AP-016,Amlodipino Lafrancol,Amlodipino,5 mg,Tableta,Caja x 30 tabletas,Lafrancol,Colombia,Antihipertensivos,9500,180,true,Hipertensión arterial y angina de pecho estable.,Shock cardiogénico; estenosis aórtica severa.
AP-017,Metoprolol Genfar,Metoprolol tartrato,50 mg,Tableta,Caja x 30 tabletas,Genfar,Colombia,Antihipertensivos,8100,150,true,Hipertensión; angina de pecho; arritmias y post infarto.,Bradicardia sinusal; bloqueo AV de segundo o tercer grado; asma grave.
AP-018,Hidroclorotiazida Genfar,Hidroclorotiazida,25 mg,Tableta,Caja x 30 tabletas,Genfar,Colombia,Antihipertensivos,5600,200,true,Hipertensión arterial y edema.,Anuria; hipersensibilidad a sulfonamidas.
AP-019,Metformina Genfar,Metformina clorhidrato,850 mg,Tableta recubierta,Caja x 30 tabletas,Genfar,Colombia,Antidiabéticos,7400,260,true,Diabetes mellitus tipo 2.,Insuficiencia renal grave; acidosis metabólica; uso de medios de contraste yodados.
AP-020,Glucophage XR,Metformina clorhidrato,750 mg,Tableta de liberación prolongada,Caja x 30 tabletas,Merck KGaA,Alemania,Antidiabéticos,38500,75,true,Diabetes mellitus tipo 2 en adultos.,Cetoacidosis diabética; insuficiencia renal (TFG < 30 ml/min).
AP-021,Januvia,Sitagliptina,100 mg,Tableta recubierta,Caja x 28 tabletas,MSD,Estados Unidos,Antidiabéticos,198000,25,true,Control glucémico en diabetes mellitus tipo 2.,Diabetes tipo 1; cetoacidosis diabética; hipersensibilidad.
AP-022,Atorvastatina Genfar,Atorvastatina cálcica,20 mg,Tableta recubierta,Caja x 30 tabletas,Genfar,Colombia,Hipolipemiantes,14800,190,true,Hipercolesterolemia y prevención de eventos cardiovasculares.,Enfermedad hepática activa; embarazo y lactancia.
AP-023,Lipitor,Atorvastatina cálcica,40 mg,Tableta recubierta,Caja x 30 tabletas,Pfizer,Estados Unidos,Hipolipemiantes,165000,30,true,Hipercolesterolemia primaria y dislipidemia mixta.,Enfermedad hepática activa; embarazo.
AP-024,Rosuvastatina MK,Rosuvastatina,10 mg,Tableta recubierta,Caja x 30 tabletas,Tecnoquímicas,Colombia,Hipolipemiantes,24500,110,true,Hipercolesterolemia y prevención cardiovascular.,Miopatía; enfermedad hepática activa; uso de ciclosporina.
AP-025,Omeprazol Genfar,Omeprazol,20 mg,Cápsula,Caja x 30 cápsulas,Genfar,Colombia,Gastrointestinales,8500,280,false,Acidez; reflujo gastroesofágico y úlcera péptica.,Hipersensibilidad a benzimidazoles; uso con nelfinavir.
AP-026,Nexium,Esomeprazol,40 mg,Tableta recubierta,Caja x 14 tabletas,AstraZeneca,Reino Unido,Gastrointestinales,89000,45,true,Enfermedad por reflujo gastroesofágico; erradicación de H. pylori.,Hipersensibilidad a esomeprazol; uso con nelfinavir.
AP-027,Loperamida MK,Loperamida clorhidrato,2 mg,Tableta,Caja x 6 tabletas,Tecnoquímicas,Colombia,Gastrointestinales,6800,170,false,Tratamiento sintomático de la diarrea aguda.,Menores de 2 años; colitis ulcerosa aguda; diarrea con sangre.
AP-028,Alka-Seltzer,Ácido acetilsalicílico + bicarbonato de sodio,324 mg / 1976 mg,Tableta efervescente,Caja x 12 sobres de 2 tabletas,Bayer,Alemania,Gastrointestinales,15900,160,false,Acidez estomacal y malestar general con dolor de cabeza.,Úlcera péptica; hemofilia; dietas restringidas en sodio.
AP-029,Loratadina Genfar,Loratadina,10 mg,Tableta,Caja x 10 tabletas,Genfar,Colombia,Antihistamínicos,4500,300,false,Rinitis alérgica y urticaria crónica.,Hipersensibilidad a loratadina.
AP-030,Cetirizina MK,Cetirizina diclorhidrato,10 mg,Tableta recubierta,Caja x 10 tabletas,Tecnoquímicas,Colombia,Antihistamínicos,5900,240,false,Rinitis alérgica estacional y perenne; urticaria.,Insuficiencia renal grave; hipersensibilidad a hidroxicina.
AP-031,Allegra,Fexofenadina clorhidrato,180 mg,Tableta recubierta,Caja x 10 tabletas,Sanofi,Francia,Antihistamínicos,42000,60,false,Rinitis alérgica y urticaria idiopática crónica.,Hipersensibilidad a fexofenadina.
AP-032,Ventolin Inhalador,Salbutamol,100 mcg/dosis,Suspensión para inhalación,Inhalador x 200 dosis,GSK,Reino Unido,Respiratorios,18500,120,true,Broncoespasmo en asma y EPOC.,Hipersensibilidad al salbutamol; amenaza de aborto.
AP-033,Seretide Diskus,Salmeterol + Fluticasona,50 mcg / 250 mcg,Polvo para inhalación,Dispositivo x 60 dosis,GSK,Reino Unido,Respiratorios,185000,0,true,Tratamiento de mantenimiento del asma y EPOC.,Hipersensibilidad a los componentes; no usar en crisis aguda.
AP-034,Montelukast MK,Montelukast sódico,10 mg,Tableta recubierta,Caja x 30 tabletas,Tecnoquímicas,Colombia,Respiratorios,32000,80,true,Profilaxis y tratamiento crónico del asma; rinitis alérgica.,Hipersensibilidad a montelukast.
AP-035,Sertralina Genfar,Sertralina,50 mg,Tableta recubierta,Caja x 30 tabletas,Genfar,Colombia,Sistema nervioso central,18900,100,true,Depresión mayor; trastorno obsesivo compulsivo; trastorno de pánico.,Uso concomitante con IMAO o pimozida.
AP-036,Fluoxetina MK,Fluoxetina,20 mg,Cápsula,Caja x 28 cápsulas,Tecnoquímicas,Colombia,Sistema nervioso central,11500,90,true,Depresión; bulimia nerviosa; trastorno obsesivo compulsivo.,Uso con IMAO; tamoxifeno; tioridazina.
AP-037,Rivotril,Clonazepam,2 mg,Tableta,Caja x 30 tabletas,Roche,Suiza,Sistema nervioso central,29500,35,true,Trastornos convulsivos y trastorno de pánico.,Insuficiencia respiratoria grave; miastenia gravis; glaucoma de ángulo cerrado.
AP-038,Escitalopram Lafrancol,Escitalopram,10 mg,Tableta recubierta,Caja x 30 tabletas,Lafrancol,Colombia,Sistema nervioso central,26000,70,true,Depresión mayor y trastorno de ansiedad generalizada.,Prolongación del intervalo QT; uso con IMAO.
AP-039,Warfarina Lafrancol,Warfarina sódica,5 mg,Tableta,Caja x 30 tabletas,Lafrancol,Colombia,Anticoagulantes,16500,55,true,Prevención y tratamiento de trombosis venosa y embolia pulmonar.,Embarazo; hemorragia activa; cirugía reciente del SNC.
AP-040,Xarelto,Rivaroxabán,20 mg,Tableta recubierta,Caja x 28 tabletas,Bayer,Alemania,Anticoagulantes,265000,3,true,Prevención de ACV en fibrilación auricular no valvular; tratamiento de TVP.,Sangrado activo clínicamente significativo; hepatopatía con coagulopatía.
AP-041,Eutirox,Levotiroxina sódica,50 mcg,Tableta,Caja x 50 tabletas,Merck KGaA,Alemania,Hormonas y tiroides,22500,140,true,Hipotiroidismo y bocio eutiroideo.,Tirotoxicosis no tratada; infarto agudo de miocardio.
AP-042,Prednisona Genfar,Prednisona,5 mg,Tableta,Caja x 20 tabletas,Genfar,Colombia,Hormonas y tiroides,4800,160,true,Enfermedades inflamatorias; alérgicas y autoinmunes.,Infecciones sistémicas no controladas; vacunas de virus vivos.
AP-043,Centrum Adultos,Multivitamínico y minerales,N/A,Tableta recubierta,Frasco x 30 tabletas,Haleon (Pfizer),Estados Unidos,Vitaminas y suplementos,58000,90,false,Suplemento vitamínico y mineral para adultos.,Hipervitaminosis; hipersensibilidad a los componentes.
AP-044,Redoxon,Ácido ascórbico (vitamina C),1 g,Tableta efervescente,Tubo x 10 tabletas,Bayer,Alemania,Vitaminas y suplementos,21000,200,false,Suplemento de vitamina C y apoyo al sistema inmune.,Litiasis renal por oxalato; hemocromatosis.
AP-045,Ácido Fólico Genfar,Ácido fólico,1 mg,Tableta,Caja x 30 tabletas,Genfar,Colombia,Vitaminas y suplementos,6200,230,false,Prevención de defectos del tubo neural y anemia megaloblástica.,Anemia perniciosa no tratada.
AP-046,Sulfato Ferroso MK,Sulfato ferroso,300 mg,Tableta recubierta,Caja x 30 tabletas,Tecnoquímicas,Colombia,Vitaminas y suplementos,5400,190,false,Prevención y tratamiento de anemia ferropénica.,Hemocromatosis; anemias no ferropénicas.
AP-047,Clotrimazol Genfar,Clotrimazol,1%,Crema tópica,Tubo x 20 g,Genfar,Colombia,Dermatológicos,5900,150,false,Infecciones micóticas de la piel (pie de atleta; tiña; candidiasis cutánea).,Hipersensibilidad al clotrimazol.
AP-048,Betametasona MK,Betametasona valerato,0.1%,Crema tópica,Tubo x 40 g,Tecnoquímicas,Colombia,Dermatológicos,9800,100,true,Dermatitis; eczema y psoriasis.,Infecciones cutáneas virales o micóticas no tratadas; rosácea.
AP-049,Bactroban,Mupirocina,2%,Ungüento tópico,Tubo x 15 g,GSK,Reino Unido,Dermatológicos,38000,50,true,Infecciones bacterianas de la piel como impétigo.,Hipersensibilidad a mupirocina.
AP-050,Lantus SoloStar,Insulina glargina,100 UI/ml,Solución inyectable,Pluma prellenada x 3 ml,Sanofi,Francia,Antidiabéticos,98000,20,true,Diabetes mellitus que requiere insulina basal.,Hipoglucemia; hipersensibilidad a insulina glargina.
